,Date,Open,High,Low,Close,Volume,Dividends,Stock Splits
0,1514851200.0,24824.0,24824.0,24824.0,24824.0,285673487,0,0
1,1514937600.0,24922.69921875,24922.69921875,24922.69921875,24922.69921875,421035113,0,0
2,1515024000.0,25075.099609375,25075.099609375,25075.099609375,25075.099609375,361273375,0,0
3,1515110400.0,25295.900390625,25295.900390625,25295.900390625,25295.900390625,305122391,0,0
4,1515369600.0,25283.0,25283.0,25283.0,25283.0,278355041,0,0
5,1515456000.0,25385.80078125,25385.80078125,25385.80078125,25385.80078125,289067837,0,0
6,1515542400.0,25369.099609375,25369.099609375,25369.099609375,25369.099609375,296750186,0,0
7,1515628800.0,25574.69921875,25574.69921875,25574.69921875,25574.69921875,301754684,0,0
8,1515715200.0,25803.19921875,25803.19921875,25803.19921875,25803.19921875,320961508,0,0
9,1516060800.0,25792.900390625,25792.900390625,25792.900390625,25792.900390625,493733029,0,0
10,1516147200.0,26115.69921875,26115.69921875,26115.69921875,26115.69921875,456795707,0,0
11,1516233600.0,26017.80078125,26017.80078125,26017.80078125,26017.80078125,420043811,0,0
12,1516320000.0,26071.69921875,26071.69921875,26071.69921875,26071.69921875,505535687,0,0
13,1516579200.0,26214.599609375,26214.599609375,26214.599609375,26214.599609375,356291964,0,0
14,1516665600.0,26210.80078125,26210.80078125,26210.80078125,26210.80078125,381476063,0,0
15,1516752000.0,26252.099609375,26252.099609375,26252.099609375,26252.099609375,454733009,0,0
16,1516838400.0,26392.80078125,26392.80078125,26392.80078125,26392.80078125,359160627,0,0
17,1516924800.0,26616.69921875,26616.69921875,26616.69921875,26616.69921875,392901932,0,0
18,1517184000.0,26439.5,26439.5,26439.5,26439.5,357427120,0,0
19,1517270400.0,26076.900390625,26076.900390625,26076.900390625,26076.900390625,393504260,0,0
20,1517356800.0,26149.400390625,26149.400390625,26149.400390625,26149.400390625,381145181,0,0
21,1517443200.0,26186.69921875,26186.69921875,26186.69921875,26186.69921875,357257053,0,0
22,1517529600.0,25521.0,25521.0,25521.0,25521.0,462433953,0,0
23,1517788800.0,24345.80078125,24345.80078125,24345.80078125,24345.80078125,638326016,0,0
24,1517875200.0,24912.80078125,24912.80078125,24912.80078125,24912.80078125,758232539,0,0
25,1517961600.0,24893.30078125,24893.30078125,24893.30078125,24893.30078125,448665694,0,0
26,1518048000.0,23860.5,23860.5,23860.5,23860.5,593628300,0,0
27,1518134400.0,24190.900390625,24190.900390625,24190.900390625,24190.900390625,672736011,0,0
28,1518393600.0,24601.30078125,24601.30078125,24601.30078125,24601.30078125,414957262,0,0
29,1518480000.0,24640.400390625,24640.400390625,24640.400390625,24640.400390625,314500070,0,0
30,1518566400.0,24893.5,24893.5,24893.5,24893.5,379869889,0,0
31,1518652800.0,25200.400390625,25200.400390625,25200.400390625,25200.400390625,374439655,0,0
32,1518739200.0,25219.400390625,25219.400390625,25219.400390625,25219.400390625,353649052,0,0
33,1519084800.0,24964.80078125,24964.80078125,24964.80078125,24964.80078125,358925641,0,0
34,1519171200.0,24797.80078125,24797.80078125,24797.80078125,24797.80078125,382984500,0,0
35,1519257600.0,24962.5,24962.5,24962.5,24962.5,335453327,0,0
36,1519344000.0,25310.0,25310.0,25310.0,25310.0,294683488,0,0
37,1519603200.0,25709.30078125,25709.30078125,25709.30078125,25709.30078125,410343463,0,0
38,1519689600.0,25410.0,25410.0,25410.0,25410.0,386185183,0,0
39,1519776000.0,25029.19921875,25029.19921875,25029.19921875,25029.19921875,351269555,0,0
40,1519862400.0,24609.0,24609.0,24609.0,24609.0,453057669,0,0
41,1519948800.0,24538.099609375,24538.099609375,24538.099609375,24538.099609375,386781758,0,0
42,1520208000.0,24874.80078125,24874.80078125,24874.80078125,24874.80078125,328027678,0,0
43,1520294400.0,24884.099609375,24884.099609375,24884.099609375,24884.099609375,292777978,0,0
44,1520380800.0,24801.400390625,24801.400390625,24801.400390625,24801.400390625,327246185,0,0
45,1520467200.0,24895.19921875,24895.19921875,24895.19921875,24895.19921875,273641213,0,0
46,1520553600.0,25335.69921875,25335.69921875,25335.69921875,25335.69921875,315459542,0,0
47,1520812800.0,25178.599609375,25178.599609375,25178.599609375,25178.599609375,310462891,0,0
48,1520899200.0,25007.0,25007.0,25007.0,25007.0,395927945,0,0
49,1520985600.0,24758.099609375,24758.099609375,24758.099609375,24758.099609375,317085078,0,0
50,1521072000.0,24873.69921875,24873.69921875,24873.69921875,24873.69921875,284998571,0,0
51,1521158400.0,24946.5,24946.5,24946.5,24946.5,362740401,0,0
52,1521417600.0,24610.900390625,24610.900390625,24610.900390625,24610.900390625,304600212,0,0
53,1521504000.0,24727.30078125,24727.30078125,24727.30078125,24727.30078125,294183274,0,0
54,1521590400.0,24682.30078125,24682.30078125,24682.30078125,24682.30078125,292973775,0,0
55,1521676800.0,23957.900390625,23957.900390625,23957.900390625,23957.900390625,379353702,0,0
56,1521763200.0,23533.19921875,23533.19921875,23533.19921875,23533.19921875,417779599,0,0
57,1522022400.0,24202.599609375,24202.599609375,24202.599609375,24202.599609375,403647757,0,0
58,1522108800.0,23857.69921875,23857.69921875,23857.69921875,23857.69921875,470812174,0,0
59,1522195200.0,23848.400390625,23848.400390625,23848.400390625,23848.400390625,490140510,0,0
60,1522281600.0,24103.099609375,24103.099609375,24103.099609375,24103.099609375,346255293,0,0
61,1522627200.0,23644.19921875,23644.19921875,23644.19921875,23644.19921875,442504725,0,0
62,1522713600.0,24033.400390625,24033.400390625,24033.400390625,24033.400390625,338554011,0,0
63,1522800000.0,24264.30078125,24264.30078125,24264.30078125,24264.30078125,335577964,0,0
64,1522886400.0,24505.19921875,24505.19921875,24505.19921875,24505.19921875,296518991,0,0
65,1522972800.0,23932.80078125,23932.80078125,23932.80078125,23932.80078125,333818693,0,0
66,1523232000.0,23979.099609375,23979.099609375,23979.099609375,23979.099609375,298530757,0,0
67,1523318400.0,24408.0,24408.0,24408.0,24408.0,318707461,0,0
68,1523404800.0,24189.5,24189.5,24189.5,24189.5,250285647,0,0
69,1523491200.0,24483.0,24483.0,24483.0,24483.0,284729861,0,0
70,1523577600.0,24360.099609375,24360.099609375,24360.099609375,24360.099609375,290022169,0,0
71,1523836800.0,24573.0,24573.0,24573.0,24573.0,267654912,0,0
72,1523923200.0,24786.599609375,24786.599609375,24786.599609375,24786.599609375,303688689,0,0
73,1524009600.0,24748.099609375,24748.099609375,24748.099609375,24748.099609375,268228657,0,0
74,1524096000.0,24664.900390625,24664.900390625,24664.900390625,24664.900390625,342926280,0,0
75,1524182400.0,24462.900390625,24462.900390625,24462.900390625,24462.900390625,473139517,0,0
76,1524441600.0,24448.69921875,24448.69921875,24448.69921875,24448.69921875,289307489,0,0
77,1524528000.0,24024.099609375,24024.099609375,24024.099609375,24024.099609375,425705584,0,0
78,1524614400.0,24083.80078125,24083.80078125,24083.80078125,24083.80078125,388100636,0,0
79,1524700800.0,24322.30078125,24322.30078125,24322.30078125,24322.30078125,324545543,0,0
80,1524787200.0,24311.19921875,24311.19921875,24311.19921875,24311.19921875,361102931,0,0
81,1525046400.0,24163.099609375,24163.099609375,24163.099609375,24163.099609375,312153222,0,0
82,1525132800.0,24099.0,24099.0,24099.0,24099.0,335974189,0,0
83,1525219200.0,23925.0,23925.0,23925.0,23925.0,340248471,0,0
84,1525305600.0,23930.099609375,23930.099609375,23930.099609375,23930.099609375,330781352,0,0
85,1525392000.0,24262.5,24262.5,24262.5,24262.5,282797665,0,0
86,1525651200.0,24357.30078125,24357.30078125,24357.30078125,24357.30078125,266998363,0,0
87,1525737600.0,24360.19921875,24360.19921875,24360.19921875,24360.19921875,282621694,0,0
88,1525824000.0,24542.5,24542.5,24542.5,24542.5,320576067,0,0
89,1525910400.0,24739.5,24739.5,24739.5,24739.5,258668730,0,0
90,1525996800.0,24831.19921875,24831.19921875,24831.19921875,24831.19921875,229387388,0,0
91,1526256000.0,24899.400390625,24899.400390625,24899.400390625,24899.400390625,227684188,0,0
92,1526342400.0,24706.400390625,24706.400390625,24706.400390625,24706.400390625,251381836,0,0
93,1526428800.0,24768.900390625,24768.900390625,24768.900390625,24768.900390625,239119001,0,0
94,1526515200.0,24714.0,24714.0,24714.0,24714.0,282859935,0,0
95,1526601600.0,24715.099609375,24715.099609375,24715.099609375,24715.099609375,228292809,0,0
96,1526860800.0,25013.30078125,25013.30078125,25013.30078125,25013.30078125,266720636,0,0
97,1526947200.0,24834.400390625,24834.400390625,24834.400390625,24834.400390625,248107530,0,0
98,1527033600.0,24886.80078125,24886.80078125,24886.80078125,24886.80078125,333793054,0,0
99,1527120000.0,24811.80078125,24811.80078125,24811.80078125,24811.80078125,295108327,0,0
100,1527206400.0,24753.099609375,24753.099609375,24753.099609375,24753.099609375,222301700,0,0
101,1527552000.0,24361.400390625,24361.400390625,24361.400390625,24361.400390625,322937944,0,0
102,1527638400.0,24667.80078125,24667.80078125,24667.80078125,24667.80078125,276252332,0,0
103,1527724800.0,24415.80078125,24415.80078125,24415.80078125,24415.80078125,281659712,0,0
104,1527811200.0,24635.19921875,24635.19921875,24635.19921875,24635.19921875,281529075,0,0
105,1528070400.0,24813.69921875,24813.69921875,24813.69921875,24813.69921875,308420834,0,0
106,1528156800.0,24800.0,24800.0,24800.0,24800.0,262835296,0,0
107,1528243200.0,25146.400390625,25146.400390625,25146.400390625,25146.400390625,256194935,0,0
108,1528329600.0,25241.400390625,25241.400390625,25241.400390625,25241.400390625,296208899,0,0
109,1528416000.0,25316.5,25316.5,25316.5,25316.5,264511985,0,0
110,1528675200.0,25322.30078125,25322.30078125,25322.30078125,25322.30078125,230414456,0,0
111,1528761600.0,25320.69921875,25320.69921875,25320.69921875,25320.69921875,224643667,0,0
112,1528848000.0,25201.19921875,25201.19921875,25201.19921875,25201.19921875,273253206,0,0
113,1528934400.0,25175.30078125,25175.30078125,25175.30078125,25175.30078125,284625051,0,0
114,1529020800.0,25090.5,25090.5,25090.5,25090.5,428399016,0,0
115,1529280000.0,24987.5,24987.5,24987.5,24987.5,275880960,0,0
116,1529366400.0,24700.19921875,24700.19921875,24700.19921875,24700.19921875,310727970,0,0
117,1529452800.0,24657.80078125,24657.80078125,24657.80078125,24657.80078125,312731529,0,0
118,1529539200.0,24461.69921875,24461.69921875,24461.69921875,24461.69921875,306150500,0,0
119,1529625600.0,24580.900390625,24580.900390625,24580.900390625,24580.900390625,284499897,0,0
120,1529884800.0,24252.80078125,24252.80078125,24252.80078125,24252.80078125,369929236,0,0
121,1529971200.0,24283.099609375,24283.099609375,24283.099609375,24283.099609375,253440808,0,0
122,1530057600.0,24117.599609375,24117.599609375,24117.599609375,24117.599609375,270503172,0,0
123,1530144000.0,24216.0,24216.0,24216.0,24216.0,270982601,0,0
124,1530230400.0,24271.400390625,24271.400390625,24271.400390625,24271.400390625,260247308,0,0
125,1530489600.0,24307.19921875,24307.19921875,24307.19921875,24307.19921875,211720172,0,0
126,1530576000.0,24174.80078125,24174.80078125,24174.80078125,24174.80078125,160955003,0,0
127,1530748800.0,24356.69921875,24356.69921875,24356.69921875,24356.69921875,201901567,0,0
128,1530835200.0,24456.5,24456.5,24456.5,24456.5,185637935,0,0
129,1531094400.0,24776.599609375,24776.599609375,24776.599609375,24776.599609375,202737561,0,0
130,1531180800.0,24919.69921875,24919.69921875,24919.69921875,24919.69921875,199272852,0,0
131,1531267200.0,24700.400390625,24700.400390625,24700.400390625,24700.400390625,207807236,0,0
132,1531353600.0,24924.900390625,24924.900390625,24924.900390625,24924.900390625,195989760,0,0
133,1531440000.0,25019.400390625,25019.400390625,25019.400390625,25019.400390625,219740899,0,0
134,1531699200.0,25064.400390625,25064.400390625,25064.400390625,25064.400390625,194193915,0,0
135,1531785600.0,25119.900390625,25119.900390625,25119.900390625,25119.900390625,214575738,0,0
136,1531872000.0,25199.30078125,25199.30078125,25199.30078125,25199.30078125,209860447,0,0
137,1531958400.0,25064.5,25064.5,25064.5,25064.5,237909233,0,0
138,1532044800.0,25058.099609375,25058.099609375,25058.099609375,25058.099609375,228568764,0,0
139,1532304000.0,25044.30078125,25044.30078125,25044.30078125,25044.30078125,192756088,0,0
140,1532390400.0,25241.900390625,25241.900390625,25241.900390625,25241.900390625,239402351,0,0
141,1532476800.0,25414.099609375,25414.099609375,25414.099609375,25414.099609375,238433780,0,0
142,1532563200.0,25527.099609375,25527.099609375,25527.099609375,25527.099609375,237812678,0,0
143,1532649600.0,25451.099609375,25451.099609375,25451.099609375,25451.099609375,298782500,0,0
144,1532908800.0,25306.80078125,25306.80078125,25306.80078125,25306.80078125,264161792,0,0
145,1532995200.0,25415.19921875,25415.19921875,25415.19921875,25415.19921875,279603253,0,0
146,1533081600.0,25333.80078125,25333.80078125,25333.80078125,25333.80078125,283036200,0,0
147,1533168000.0,25326.19921875,25326.19921875,25326.19921875,25326.19921875,274336245,0,0
148,1533254400.0,25462.599609375,25462.599609375,25462.599609375,25462.599609375,199405001,0,0
149,1533513600.0,25502.19921875,25502.19921875,25502.19921875,25502.19921875,197227919,0,0
150,1533600000.0,25628.900390625,25628.900390625,25628.900390625,25628.900390625,200865519,0,0
151,1533686400.0,25583.80078125,25583.80078125,25583.80078125,25583.80078125,185013531,0,0
152,1533772800.0,25509.19921875,25509.19921875,25509.19921875,25509.19921875,186828589,0,0
153,1533859200.0,25313.099609375,25313.099609375,25313.099609375,25313.099609375,197109811,0,0
154,1534118400.0,25187.69921875,25187.69921875,25187.69921875,25187.69921875,187025374,0,0
155,1534204800.0,25299.900390625,25299.900390625,25299.900390625,25299.900390625,190140430,0,0
156,1534291200.0,25162.400390625,25162.400390625,25162.400390625,25162.400390625,259043802,0,0
157,1534377600.0,25558.69921875,25558.69921875,25558.69921875,25558.69921875,302726450,0,0
158,1534464000.0,25669.30078125,25669.30078125,25669.30078125,25669.30078125,244961195,0,0
159,1534723200.0,25758.69921875,25758.69921875,25758.69921875,25758.69921875,213168719,0,0
160,1534809600.0,25822.30078125,25822.30078125,25822.30078125,25822.30078125,202804144,0,0
161,1534896000.0,25733.599609375,25733.599609375,25733.599609375,25733.599609375,171099470,0,0
162,1534982400.0,25657.0,25657.0,25657.0,25657.0,180616649,0,0
163,1535068800.0,25790.400390625,25790.400390625,25790.400390625,25790.400390625,163616677,0,0
164,1535328000.0,26049.599609375,26049.599609375,26049.599609375,26049.599609375,189176621,0,0
165,1535414400.0,26064.0,26064.0,26064.0,26064.0,179939225,0,0
166,1535500800.0,26124.599609375,26124.599609375,26124.599609375,26124.599609375,183475477,0,0
167,1535587200.0,25986.900390625,25986.900390625,25986.900390625,25986.900390625,215062062,0,0
168,1535673600.0,25964.80078125,25964.80078125,25964.80078125,25964.80078125,200155604,0,0
169,1536019200.0,25952.5,25952.5,25952.5,25952.5,216192742,0,0
170,1536105600.0,25975.0,25975.0,25975.0,25975.0,236175907,0,0
171,1536192000.0,25995.900390625,25995.900390625,25995.900390625,25995.900390625,220391617,0,0
172,1536278400.0,25916.5,25916.5,25916.5,25916.5,230770058,0,0
173,1536537600.0,25991.900390625,26040.0,25854.099609375,25857.099609375,205994588,0,0
174,1536624000.0,25841.099609375,26019.900390625,25754.30078125,25971.099609375,223559422,0,0
175,1536710400.0,25989.099609375,26145.69921875,25929.400390625,25998.900390625,246692221,0,0
176,1536796800.0,26083.900390625,26191.599609375,26067.099609375,26146.0,219259376,0,0
177,1536883200.0,26169.599609375,26211.099609375,26068.30078125,26154.69921875,194422367,0,0
178,1537142400.0,26151.69921875,26184.5,26030.30078125,26062.099609375,188748269,0,0
179,1537228800.0,26076.19921875,26317.30078125,26076.19921875,26247.0,204609318,0,0
180,1537315200.0,26287.80078125,26464.400390625,26280.80078125,26405.80078125,211253109,0,0
181,1537401600.0,26519.400390625,26697.5,26519.400390625,26657.0,217321075,0,0
182,1537488000.0,26726.19921875,26769.19921875,26680.400390625,26743.5,354299247,0,0
183,1537747200.0,26705.19921875,26709.900390625,26548.69921875,26562.0,205165365,0,0
184,1537833600.0,26601.599609375,26634.80078125,26475.599609375,26492.19921875,190846519,0,0
185,1537920000.0,26536.900390625,26606.099609375,26349.30078125,26385.30078125,213727451,0,0
186,1538006400.0,26418.30078125,26557.0,26379.900390625,26439.900390625,183260040,0,0
187,1538092800.0,26407.69921875,26515.80078125,26383.599609375,26458.30078125,204321757,0,0
188,1538352000.0,26598.400390625,26738.0,26596.099609375,26651.19921875,195337224,0,0
189,1538438400.0,26648.900390625,26824.80078125,26627.69921875,26773.900390625,210512761,0,0
190,1538524800.0,26833.5,26951.80078125,26789.099609375,26828.400390625,234152711,0,0
191,1538611200.0,26784.099609375,26793.80078125,26471.599609375,26627.5,254319300,0,0
192,1538697600.0,26632.80078125,26676.19921875,26301.80078125,26447.099609375,232024487,0,0
193,1538956800.0,26399.400390625,26529.30078125,26223.099609375,26486.80078125,226715763,0,0
194,1539043200.0,26469.19921875,26539.900390625,26324.19921875,26430.599609375,242445502,0,0
195,1539129600.0,26441.69921875,26441.69921875,25593.69921875,25598.69921875,378562745,0,0
196,1539216000.0,25518.400390625,25683.599609375,24899.80078125,25052.80078125,472734109,0,0
197,1539302400.0,25407.599609375,25467.599609375,25000.80078125,25340.0,343649428,0,0
198,1539561600.0,25332.5,25482.400390625,25246.80078125,25250.599609375,235328874,0,0
199,1539648000.0,25351.5,25817.69921875,25351.5,25798.400390625,263496067,0,0
200,1539734400.0,25705.900390625,25810.099609375,25479.19921875,25706.69921875,250883585,0,0
201,1539820800.0,25645.599609375,25691.5,25236.0,25379.5,284883275,0,0
202,1539907200.0,25421.099609375,25608.69921875,25350.0,25444.30078125,306334644,0,0
203,1540166400.0,25492.099609375,25561.30078125,25236.099609375,25317.400390625,271493026,0,0
204,1540252800.0,25038.5,25307.69921875,24768.80078125,25191.400390625,403655867,0,0
205,1540339200.0,25172.900390625,25306.19921875,24533.19921875,24583.400390625,437073207,0,0
206,1540425600.0,24736.5,25104.30078125,24645.599609375,24984.599609375,383139096,0,0
207,1540512000.0,24770.19921875,24916.19921875,24445.19921875,24688.30078125,440802767,0,0
208,1540771200.0,24819.0,25040.599609375,24122.19921875,24442.900390625,389637830,0,0
209,1540857600.0,24482.0,24906.69921875,24415.69921875,24874.599609375,405924570,0,0
210,1540944000.0,25008.80078125,25336.599609375,25008.80078125,25115.80078125,363814195,0,0
211,1541030400.0,25142.099609375,25396.5,25108.099609375,25380.69921875,324718670,0,0
212,1541116800.0,25443.599609375,25579.0,25078.69921875,25270.80078125,367164843,0,0
213,1541376000.0,25261.5,25507.30078125,25261.5,25461.69921875,278392440,0,0
214,1541462400.0,25452.80078125,25651.900390625,25444.900390625,25635.0,221986796,0,0
215,1541548800.0,25788.5,26200.099609375,25765.900390625,26180.30078125,288695421,0,0
216,1541635200.0,26139.599609375,26277.80078125,26081.900390625,26191.19921875,250976310,0,0
217,1541721600.0,26149.099609375,26161.5,25882.900390625,25989.30078125,268971162,0,0
218,1541980800.0,25959.30078125,25966.69921875,25340.5,25387.19921875,296060152,0,0
219,1542067200.0,25321.19921875,25511.0,25193.80078125,25288.400390625,294581098,0,0
220,1542153600.0,25388.099609375,25501.30078125,24935.80078125,25080.5,331406778,0,0
221,1542240000.0,25061.5,25354.599609375,24787.80078125,25289.30078125,337374191,0,0
222,1542326400.0,25242.30078125,25510.19921875,25147.80078125,25420.30078125,295194565,0,0
223,1542585600.0,25392.599609375,25392.599609375,24901.0,25017.400390625,303524610,0,0
224,1542672000.0,24618.69921875,24707.30078125,24369.0,24465.599609375,394244929,0,0
225,1542758400.0,24541.69921875,24669.80078125,24463.30078125,24464.69921875,245318453,0,0
226,1542931200.0,24336.400390625,24408.80078125,24268.69921875,24286.0,155942556,0,0
227,1543190400.0,24364.099609375,24673.30078125,24364.099609375,24638.5,251943807,0,0
228,1543276800.0,24557.0,24750.69921875,24416.0,24748.69921875,264725159,0,0
229,1543363200.0,24832.80078125,25368.900390625,24832.80078125,25366.400390625,308153950,0,0
230,1543449600.0,25343.69921875,25479.0,25202.80078125,25338.80078125,272328196,0,0
231,1543536000.0,25307.099609375,25549.69921875,25251.0,25538.5,286871478,0,0
232,1543795200.0,25779.599609375,25980.19921875,25670.5,25826.400390625,323970214,0,0
233,1543881600.0,25752.599609375,25773.099609375,25008.099609375,25039.400390625,338887508,0,0
234,1544054400.0,24737.400390625,24951.0,24242.19921875,24947.69921875,403324920,0,0
235,1544140800.0,24918.80078125,25095.599609375,24284.80078125,24393.69921875,329643675,0,0
236,1544400000.0,24360.900390625,24500.80078125,23881.400390625,24423.30078125,334090660,0,0
237,1544486400.0,24719.900390625,24791.30078125,24221.099609375,24370.19921875,298911089,0,0
238,1544572800.0,24509.099609375,24828.30078125,24509.099609375,24533.69921875,271794610,0,0
239,1544659200.0,24575.900390625,24741.0,24473.30078125,24597.400390625,253848552,0,0
240,1544745600.0,24408.0,24431.099609375,24033.80078125,24105.0,351136935,0,0
241,1545004800.0,23986.80078125,24088.099609375,23456.900390625,23593.0,383728453,0,0
242,1545091200.0,23769.099609375,23927.80078125,23516.0,23675.599609375,338083345,0,0
243,1545177600.0,23693.30078125,24057.30078125,23162.599609375,23323.69921875,424732626,0,0
244,1545264000.0,23224.099609375,23282.19921875,22644.30078125,22859.599609375,486177826,0,0
245,1545350400.0,22871.69921875,23254.599609375,22396.30078125,22445.400390625,596193053,0,0
246,1545609600.0,22317.30078125,22339.900390625,21792.19921875,21792.19921875,308419010,0,0
247,1545782400.0,21857.69921875,22877.099609375,21712.5,22873.19921875,364880733,0,0
248,1545868800.0,22629.099609375,23126.5,22267.400390625,23138.80078125,329506488,0,0
249,1545955200.0,23213.599609375,23381.900390625,22981.30078125,23062.400390625,294542709,0,0
250,1546214400.0,23153.900390625,23329.5,23118.30078125,23327.5,231032264,0,0
251,1546387200.0,23058.599609375,23413.5,22928.599609375,23340.69921875,260067559,0,0
252,1546473600.0,23176.400390625,23176.400390625,22638.400390625,22686.19921875,364601230,0,0
253,1546560000.0,22894.900390625,23518.599609375,22894.900390625,23428.19921875,328221312,0,0
254,1546819200.0,23474.30078125,23687.69921875,23301.599609375,23531.30078125,272309900,0,0
255,1546905600.0,23680.30078125,23864.69921875,23581.400390625,23786.19921875,271560217,0,0
256,1546992000.0,23844.30078125,23985.400390625,23776.599609375,23879.099609375,281743455,0,0
257,1547078400.0,23811.099609375,24014.80078125,23703.19921875,24001.900390625,267155242,0,0
258,1547164800.0,23940.0,23996.30078125,23798.19921875,23995.900390625,220294680,0,0
259,1547424000.0,23880.5,23964.900390625,23765.19921875,23909.80078125,208269471,0,0
260,1547510400.0,23914.099609375,24099.099609375,23887.900390625,24065.599609375,252997448,0,0
261,1547596800.0,24139.900390625,24288.599609375,24119.69921875,24207.19921875,258410361,0,0
262,1547683200.0,24147.099609375,24474.5,24088.900390625,24370.099609375,247983882,0,0
263,1547769600.0,24534.19921875,24747.30078125,24459.0,24706.30078125,319926669,0,0
264,1548115200.0,24607.80078125,24607.80078125,24244.30078125,24404.5,264888777,0,0
265,1548201600.0,24577.19921875,24701.0,24307.19921875,24575.599609375,272955877,0,0
266,1548288000.0,24580.0,24626.30078125,24422.69921875,24553.19921875,273490986,0,0
267,1548374400.0,24687.19921875,24860.19921875,24676.80078125,24732.400390625,325443604,0,0
268,1548633600.0,24597.0,24597.0,24323.900390625,24528.19921875,296593846,0,0
269,1548720000.0,24519.599609375,24674.900390625,24504.0,24578.400390625,287361357,0,0
270,1548806400.0,24826.5,25109.599609375,24790.900390625,25014.900390625,354060088,0,0
271,1548892800.0,24954.5,25049.599609375,24842.099609375,24999.69921875,380645608,0,0
272,1548979200.0,25025.30078125,25193.19921875,24982.5,25065.19921875,310805003,0,0
273,1549238400.0,25062.099609375,25236.69921875,24977.69921875,25239.400390625,247142725,0,0
274,1549324800.0,25287.900390625,25427.30078125,25287.69921875,25411.5,254884574,0,0
275,1549411200.0,25371.599609375,25439.0,25312.099609375,25388.80078125,208898882,0,0
276,1549497600.0,25265.80078125,25314.30078125,25000.5,25169.5,248527589,0,0
277,1549584000.0,25042.400390625,25106.400390625,24883.0,25103.900390625,209794579,0,0
278,1549843200.0,25142.80078125,25196.80078125,25009.099609375,25053.099609375,197112470,0,0
279,1549929600.0,25152.0,25459.0,25152.0,25425.80078125,234211054,0,0
280,1550016000.0,25480.900390625,25625.900390625,25480.900390625,25543.30078125,222204221,0,0
281,1550102400.0,25460.69921875,25558.900390625,25308.099609375,25439.400390625,272795805,0,0
282,1550188800.0,25564.599609375,25882.30078125,25564.599609375,25883.19921875,272499170,0,0
283,1550620800.0,25872.30078125,25986.19921875,25846.5,25954.400390625,233904599,0,0
284,1550707200.0,25922.400390625,25938.900390625,25762.19921875,25849.69921875,221574022,0,0
285,1550793600.0,25906.30078125,26052.900390625,25906.30078125,26031.80078125,235656060,0,0
286,1551052800.0,26126.19921875,26241.400390625,26080.69921875,26092.0,234034556,0,0
287,1551139200.0,26051.599609375,26155.30078125,25966.0,26058.0,215348569,0,0
288,1551225600.0,25995.599609375,26039.69921875,25877.19921875,25985.19921875,217648868,0,0
289,1551312000.0,25984.30078125,26029.19921875,25896.599609375,25916.0,238056584,0,0
290,1551398400.0,26019.69921875,26143.900390625,25914.400390625,26026.30078125,239379333,0,0
291,1551657600.0,26122.19921875,26156.0,25611.599609375,25819.599609375,247170065,0,0
292,1551744000.0,25829.099609375,25877.19921875,25725.599609375,25806.599609375,202818040,0,0
293,1551830400.0,25818.80078125,25837.599609375,25633.69921875,25673.5,211290705,0,0
294,1551916800.0,25645.400390625,25645.400390625,25352.599609375,25468.099609375,232731434,0,0
295,1552003200.0,25347.400390625,25466.099609375,25252.5,25450.099609375,232856385,0,0
296,1552262400.0,25208.0,25661.599609375,25208.0,25650.900390625,261117595,0,0
297,1552348800.0,25600.30078125,25675.400390625,25522.19921875,25554.69921875,265828192,0,0
298,1552435200.0,25637.19921875,25776.5,25571.30078125,25702.900390625,272911905,0,0
299,1552521600.0,25692.30078125,25752.80078125,25621.30078125,25709.900390625,238895236,0,0
300,1552608000.0,25721.0,25927.900390625,25649.69921875,25848.900390625,357899700,0,0
301,1552867200.0,25914.099609375,25914.099609375,25914.099609375,25914.099609375,0,0,0
302,1552953600.0,25887.400390625,25887.400390625,25887.400390625,25887.400390625,0,0,0
303,1553040000.0,25745.69921875,25745.69921875,25745.69921875,25745.69921875,0,0,0
304,1553126400.0,25962.5,25962.5,25962.5,25962.5,0,0,0
305,1553212800.0,25502.30078125,25502.30078125,25502.30078125,25502.30078125,0,0,0
306,1553472000.0,25516.80078125,25516.80078125,25516.80078125,25516.80078125,0,0,0
307,1553558400.0,25657.69921875,25657.69921875,25657.69921875,25657.69921875,0,0,0
308,1553644800.0,25625.599609375,25625.599609375,25625.599609375,25625.599609375,0,0,0
309,1553817600.0,25928.69921875,25928.69921875,25928.69921875,25928.69921875,0,0,0
310,1554076800.0,26258.400390625,26258.400390625,26258.400390625,26258.400390625,0,0,0
311,1554249600.0,26218.099609375,26218.099609375,26218.099609375,26218.099609375,0,0,0
312,1554336000.0,26384.599609375,26384.599609375,26384.599609375,26384.599609375,0,0,0
313,1554422400.0,26425.0,26425.0,26425.0,26425.0,0,0,0
314,1554681600.0,26341.0,26341.0,26341.0,26341.0,0,0,0
315,1554768000.0,26150.599609375,26150.599609375,26150.599609375,26150.599609375,0,0,0
316,1554854400.0,26157.19921875,26157.19921875,26157.19921875,26157.19921875,0,0,0
317,1554940800.0,26143.099609375,26143.099609375,26143.099609375,26143.099609375,0,0,0
318,1555027200.0,26412.30078125,26412.30078125,26412.30078125,26412.30078125,0,0,0
319,1555286400.0,26384.80078125,26384.80078125,26384.80078125,26384.80078125,0,0,0
320,1555372800.0,26452.69921875,26452.69921875,26452.69921875,26452.69921875,0,0,0
321,1555459200.0,26449.5,26449.5,26449.5,26449.5,0,0,0
322,1555545600.0,26559.5,26559.5,26559.5,26559.5,0,0,0
323,1555891200.0,26511.099609375,26511.099609375,26511.099609375,26511.099609375,0,0,0
324,1555977600.0,26656.400390625,26656.400390625,26656.400390625,26656.400390625,0,0,0
325,1556064000.0,26597.0,26597.0,26597.0,26597.0,0,0,0
326,1556150400.0,26462.099609375,26462.099609375,26462.099609375,26462.099609375,0,0,0
327,1556236800.0,26543.30078125,26543.30078125,26543.30078125,26543.30078125,0,0,0
328,1556496000.0,26554.400390625,26554.400390625,26554.400390625,26554.400390625,0,0,0
329,1556582400.0,26592.900390625,26592.900390625,26592.900390625,26592.900390625,0,0,0
330,1556668800.0,26430.099609375,26430.099609375,26430.099609375,26430.099609375,0,0,0
331,1556841600.0,26504.900390625,26504.900390625,26504.900390625,26504.900390625,0,0,0
332,1557100800.0,26438.5,26438.5,26438.5,26438.5,0,0,0
333,1557187200.0,25965.099609375,25965.099609375,25965.099609375,25965.099609375,0,0,0
334,1557273600.0,25967.30078125,25967.30078125,25967.30078125,25967.30078125,0,0,0
335,1557360000.0,25828.400390625,25828.400390625,25828.400390625,25828.400390625,0,0,0
336,1557446400.0,25942.400390625,25942.400390625,25942.400390625,25942.400390625,0,0,0
337,1557705600.0,25325.0,25325.0,25325.0,25325.0,0,0,0
338,1557792000.0,25532.0,25532.0,25532.0,25532.0,0,0,0
339,1557878400.0,25648.0,25648.0,25648.0,25648.0,0,0,0
340,1557964800.0,25862.69921875,25862.69921875,25862.69921875,25862.69921875,0,0,0
341,1558051200.0,25764.0,25764.0,25764.0,25764.0,0,0,0
342,1558310400.0,25679.900390625,25679.900390625,25679.900390625,25679.900390625,0,0,0
343,1558396800.0,25877.30078125,25877.30078125,25877.30078125,25877.30078125,0,0,0
344,1558483200.0,25776.599609375,25776.599609375,25776.599609375,25776.599609375,0,0,0
345,1558569600.0,25490.5,25490.5,25490.5,25490.5,0,0,0
346,1558656000.0,25585.69921875,25585.69921875,25585.69921875,25585.69921875,0,0,0
347,1559001600.0,25347.80078125,25347.80078125,25347.80078125,25347.80078125,0,0,0
348,1559088000.0,25126.400390625,25126.400390625,25126.400390625,25126.400390625,0,0,0
349,1559174400.0,25169.900390625,25169.900390625,25169.900390625,25169.900390625,0,0,0
350,1559260800.0,24815.0,24815.0,24815.0,24815.0,0,0,0
351,1559520000.0,24819.80078125,24819.80078125,24819.80078125,24819.80078125,0,0,0
352,1559606400.0,25332.19921875,25332.19921875,25332.19921875,25332.19921875,0,0,0
353,1559692800.0,25539.599609375,25539.599609375,25539.599609375,25539.599609375,0,0,0
354,1559865600.0,25983.900390625,25983.900390625,25983.900390625,25983.900390625,0,0,0
355,1578009600.0,28634.900390625,28634.900390625,28634.900390625,28634.900390625,0,0,0
356,1578268800.0,28703.400390625,28703.400390625,28703.400390625,28703.400390625,0,0,0
357,1578355200.0,28583.69921875,28583.69921875,28583.69921875,28583.69921875,0,0,0
358,1578441600.0,28745.099609375,28745.099609375,28745.099609375,28745.099609375,0,0,0
359,1578528000.0,28956.900390625,28956.900390625,28956.900390625,28956.900390625,0,0,0
360,1578614400.0,28823.80078125,28823.80078125,28823.80078125,28823.80078125,0,0,0
361,1578873600.0,28907.099609375,28907.099609375,28907.099609375,28907.099609375,0,0,0
362,1578960000.0,28939.69921875,28939.69921875,28939.69921875,28939.69921875,0,0,0
363,1579046400.0,29030.19921875,29030.19921875,29030.19921875,29030.19921875,0,0,0
364,1579132800.0,29297.599609375,29297.599609375,29297.599609375,29297.599609375,0,0,0
365,1579219200.0,29348.099609375,29348.099609375,29348.099609375,29348.099609375,0,0,0
366,1579564800.0,29196.0,29196.0,29196.0,29196.0,0,0,0
367,1579651200.0,29186.30078125,29186.30078125,29186.30078125,29186.30078125,0,0,0
368,1579737600.0,29160.099609375,29160.099609375,29160.099609375,29160.099609375,0,0,0
369,1579824000.0,28989.69921875,28989.69921875,28989.69921875,28989.69921875,0,0,0
370,1580083200.0,28535.80078125,28535.80078125,28535.80078125,28535.80078125,0,0,0
371,1580169600.0,28722.80078125,28722.80078125,28722.80078125,28722.80078125,0,0,0
372,1580256000.0,28734.400390625,28734.400390625,28734.400390625,28734.400390625,0,0,0
373,1580342400.0,28859.400390625,28859.400390625,28859.400390625,28859.400390625,0,0,0
374,1580428800.0,28256.0,28256.0,28256.0,28256.0,0,0,0
375,1580688000.0,28399.80078125,28399.80078125,28399.80078125,28399.80078125,0,0,0
376,1580774400.0,28807.599609375,28807.599609375,28807.599609375,28807.599609375,0,0,0
377,1580860800.0,29290.900390625,29290.900390625,29290.900390625,29290.900390625,0,0,0
378,1580947200.0,29379.80078125,29379.80078125,29379.80078125,29379.80078125,0,0,0
379,1581033600.0,29102.5,29102.5,29102.5,29102.5,0,0,0
380,1581292800.0,29276.80078125,29276.80078125,29276.80078125,29276.80078125,0,0,0
381,1581379200.0,29276.30078125,29276.30078125,29276.30078125,29276.30078125,0,0,0
382,1581465600.0,29551.400390625,29551.400390625,29551.400390625,29551.400390625,0,0,0
383,1581552000.0,29423.30078125,29423.30078125,29423.30078125,29423.30078125,0,0,0
384,1581638400.0,29398.099609375,29398.099609375,29398.099609375,29398.099609375,0,0,0
385,1581984000.0,29232.19921875,29232.19921875,29232.19921875,29232.19921875,0,0,0
386,1582070400.0,29348.0,29348.0,29348.0,29348.0,0,0,0
387,1582156800.0,29220.0,29220.0,29220.0,29220.0,0,0,0
388,1582243200.0,28992.400390625,28992.400390625,28992.400390625,28992.400390625,0,0,0
389,1582502400.0,27960.80078125,27960.80078125,27960.80078125,27960.80078125,0,0,0
390,1582588800.0,27081.400390625,27081.400390625,27081.400390625,27081.400390625,0,0,0
391,1582675200.0,26957.599609375,26957.599609375,26957.599609375,26957.599609375,0,0,0
392,1582761600.0,25766.599609375,25766.599609375,25766.599609375,25766.599609375,0,0,0
393,1582848000.0,25409.400390625,25409.400390625,25409.400390625,25409.400390625,0,0,0
394,1583107200.0,26703.30078125,26703.30078125,26703.30078125,26703.30078125,0,0,0
395,1583193600.0,25917.400390625,25917.400390625,25917.400390625,25917.400390625,0,0,0
396,1583280000.0,27090.900390625,27090.900390625,27090.900390625,27090.900390625,0,0,0
397,1583366400.0,26121.30078125,26121.30078125,26121.30078125,26121.30078125,0,0,0
398,1583452800.0,25864.80078125,25864.80078125,25864.80078125,25864.80078125,0,0,0
399,1583712000.0,23851.0,23851.0,23851.0,23851.0,0,0,0
400,1583798400.0,25018.19921875,25018.19921875,25018.19921875,25018.19921875,0,0,0
401,1583884800.0,23553.19921875,23553.19921875,23553.19921875,23553.19921875,0,0,0
402,1583971200.0,21200.599609375,21200.599609375,21200.599609375,21200.599609375,0,0,0
403,1584057600.0,23185.599609375,23185.599609375,23185.599609375,23185.599609375,0,0,0
404,1584316800.0,20188.5,20188.5,20188.5,20188.5,0,0,0
405,1584403200.0,21237.400390625,21237.400390625,21237.400390625,21237.400390625,0,0,0
406,1584489600.0,19898.900390625,19898.900390625,19898.900390625,19898.900390625,0,0,0
407,1584576000.0,20087.19921875,20087.19921875,20087.19921875,20087.19921875,0,0,0
408,1584662400.0,19174.0,19174.0,19174.0,19174.0,0,0,0
409,1584921600.0,18591.900390625,18591.900390625,18591.900390625,18591.900390625,0,0,0
410,1585008000.0,20704.900390625,20704.900390625,20704.900390625,20704.900390625,0,0,0
411,1585094400.0,21200.599609375,21200.599609375,21200.599609375,21200.599609375,0,0,0
412,1585180800.0,22552.19921875,22552.19921875,22552.19921875,22552.19921875,0,0,0
413,1585267200.0,21636.80078125,21636.80078125,21636.80078125,21636.80078125,0,0,0
414,1585526400.0,22327.5,22327.5,22327.5,22327.5,0,0,0
415,1585612800.0,21917.19921875,21917.19921875,21917.19921875,21917.19921875,0,0,0
416,1585699200.0,20943.5,20943.5,20943.5,20943.5,0,0,0
417,1585785600.0,21413.400390625,21413.400390625,21413.400390625,21413.400390625,0,0,0
418,1585872000.0,21052.5,21052.5,21052.5,21052.5,0,0,0
419,1586131200.0,22680.0,22680.0,22680.0,22680.0,0,0,0
420,1586217600.0,22653.900390625,22653.900390625,22653.900390625,22653.900390625,0,0,0
421,1586304000.0,23433.599609375,23433.599609375,23433.599609375,23433.599609375,0,0,0
422,1586390400.0,23719.400390625,23719.400390625,23719.400390625,23719.400390625,0,0,0
423,1586736000.0,23390.80078125,23390.80078125,23390.80078125,23390.80078125,0,0,0
424,1586822400.0,23949.80078125,23949.80078125,23949.80078125,23949.80078125,0,0,0
425,1586908800.0,23504.30078125,23504.30078125,23504.30078125,23504.30078125,0,0,0
426,1586995200.0,23537.69921875,23537.69921875,23537.69921875,23537.69921875,0,0,0
427,1587081600.0,24242.5,24242.5,24242.5,24242.5,0,0,0
428,1587340800.0,23650.400390625,23650.400390625,23650.400390625,23650.400390625,0,0,0
429,1587427200.0,23018.900390625,23018.900390625,23018.900390625,23018.900390625,0,0,0
430,1587513600.0,23475.80078125,23475.80078125,23475.80078125,23475.80078125,0,0,0
431,1587600000.0,23515.30078125,23515.30078125,23515.30078125,23515.30078125,0,0,0
432,1587686400.0,23775.30078125,23775.30078125,23775.30078125,23775.30078125,0,0,0
433,1587945600.0,24133.80078125,24133.80078125,24133.80078125,24133.80078125,0,0,0
434,1588032000.0,24101.5,24101.5,24101.5,24101.5,0,0,0
435,1588118400.0,24633.900390625,24633.900390625,24633.900390625,24633.900390625,0,0,0
436,1588204800.0,24345.69921875,24345.69921875,24345.69921875,24345.69921875,0,0,0
437,1588291200.0,23723.69921875,23723.69921875,23723.69921875,23723.69921875,0,0,0
438,1588550400.0,23749.80078125,23749.80078125,23749.80078125,23749.80078125,0,0,0
439,1588636800.0,23883.099609375,23883.099609375,23883.099609375,23883.099609375,0,0,0
440,1588723200.0,23664.599609375,23664.599609375,23664.599609375,23664.599609375,0,0,0
441,1588809600.0,23875.900390625,23875.900390625,23875.900390625,23875.900390625,0,0,0
442,1589155200.0,24222.0,24222.0,24222.0,24222.0,0,0,0
443,1589241600.0,23764.80078125,23764.80078125,23764.80078125,23764.80078125,0,0,0
444,1589328000.0,23248.0,23248.0,23248.0,23248.0,0,0,0
445,1589414400.0,23625.30078125,23625.30078125,23625.30078125,23625.30078125,0,0,0
446,1589500800.0,23685.400390625,23685.400390625,23685.400390625,23685.400390625,0,0,0
447,1589760000.0,24597.400390625,24597.400390625,24597.400390625,24597.400390625,0,0,0
448,1589846400.0,24206.900390625,24206.900390625,24206.900390625,24206.900390625,0,0,0
449,1589932800.0,24575.900390625,24575.900390625,24575.900390625,24575.900390625,0,0,0
450,1590019200.0,24474.099609375,24474.099609375,24474.099609375,24474.099609375,0,0,0
451,1590105600.0,24465.19921875,24465.19921875,24465.19921875,24465.19921875,0,0,0
452,1590451200.0,24995.099609375,24995.099609375,24995.099609375,24995.099609375,0,0,0
453,1590537600.0,25548.30078125,25548.30078125,25548.30078125,25548.30078125,0,0,0
454,1590624000.0,25400.599609375,25400.599609375,25400.599609375,25400.599609375,0,0,0
455,1590710400.0,25383.099609375,25383.099609375,25383.099609375,25383.099609375,0,0,0
456,1590969600.0,25475.0,25475.0,25475.0,25475.0,0,0,0
457,1591056000.0,25742.69921875,25742.69921875,25742.69921875,25742.69921875,0,0,0
458,1591142400.0,26269.900390625,26269.900390625,26269.900390625,26269.900390625,0,0,0
459,1591228800.0,26281.80078125,26281.80078125,26281.80078125,26281.80078125,0,0,0
460,1591574400.0,27572.400390625,27572.400390625,27572.400390625,27572.400390625,0,0,0
461,1591660800.0,27272.30078125,27272.30078125,27272.30078125,27272.30078125,0,0,0
462,1591747200.0,26990.0,26990.0,26990.0,26990.0,0,0,0
463,1591833600.0,25128.19921875,25128.19921875,25128.19921875,25128.19921875,0,0,0
464,1591920000.0,25605.5,25605.5,25605.5,25605.5,0,0,0
465,1592179200.0,25763.19921875,25763.19921875,25763.19921875,25763.19921875,0,0,0
466,1592265600.0,26290.0,26290.0,26290.0,26290.0,0,0,0
467,1592352000.0,26119.599609375,26119.599609375,26119.599609375,26119.599609375,0,0,0
468,1592438400.0,26080.099609375,26080.099609375,26080.099609375,26080.099609375,0,0,0
469,1592524800.0,25871.5,25871.5,25871.5,25871.5,0,0,0
470,1592784000.0,26025.0,26025.0,26025.0,26025.0,0,0,0
471,1592870400.0,26156.099609375,26156.099609375,26156.099609375,26156.099609375,0,0,0
472,1592956800.0,25445.900390625,25445.900390625,25445.900390625,25445.900390625,0,0,0
473,1593043200.0,25745.599609375,25745.599609375,25745.599609375,25745.599609375,0,0,0
474,1593129600.0,25015.5,25015.5,25015.5,25015.5,0,0,0
475,1593388800.0,25595.80078125,25595.80078125,25595.80078125,25595.80078125,0,0,0
476,1593475200.0,25812.900390625,25812.900390625,25812.900390625,25812.900390625,0,0,0
477,1593561600.0,25735.0,25735.0,25735.0,25735.0,0,0,0
478,1593993600.0,26287.0,26287.0,26287.0,26287.0,0,0,0
479,1594080000.0,25890.19921875,25890.19921875,25890.19921875,25890.19921875,0,0,0
480,1594166400.0,26067.30078125,26067.30078125,26067.30078125,26067.30078125,0,0,0
481,1594252800.0,25706.099609375,25706.099609375,25706.099609375,25706.099609375,0,0,0
482,1594339200.0,26075.30078125,26075.30078125,26075.30078125,26075.30078125,0,0,0
483,1594598400.0,26085.80078125,26085.80078125,26085.80078125,26085.80078125,0,0,0
484,1594684800.0,26642.599609375,26642.599609375,26642.599609375,26642.599609375,0,0,0
485,1594771200.0,26870.099609375,26870.099609375,26870.099609375,26870.099609375,0,0,0
486,1594857600.0,26734.69921875,26734.69921875,26734.69921875,26734.69921875,0,0,0
487,1594944000.0,26671.900390625,26671.900390625,26671.900390625,26671.900390625,0,0,0
488,1595203200.0,26680.900390625,26680.900390625,26680.900390625,26680.900390625,0,0,0
489,1595289600.0,26840.400390625,26840.400390625,26840.400390625,26840.400390625,0,0,0
490,1595376000.0,27005.80078125,27005.80078125,27005.80078125,27005.80078125,0,0,0
491,1595462400.0,26652.30078125,26652.30078125,26652.30078125,26652.30078125,0,0,0
492,1595548800.0,26469.900390625,26469.900390625,26469.900390625,26469.900390625,0,0,0
493,1595808000.0,26584.80078125,26584.80078125,26584.80078125,26584.80078125,0,0,0
494,1595894400.0,26379.30078125,26379.30078125,26379.30078125,26379.30078125,0,0,0
495,1595980800.0,26539.599609375,26539.599609375,26539.599609375,26539.599609375,0,0,0
496,1596067200.0,26313.599609375,26313.599609375,26313.599609375,26313.599609375,0,0,0
497,1596153600.0,26428.30078125,26428.30078125,26428.30078125,26428.30078125,0,0,0
498,1596412800.0,26664.400390625,26664.400390625,26664.400390625,26664.400390625,0,0,0
499,1596499200.0,26828.5,26828.5,26828.5,26828.5,0,0,0
500,1596585600.0,27201.5,27201.5,27201.5,27201.5,0,0,0
501,1596672000.0,27387.0,27387.0,27387.0,27387.0,0,0,0
502,1596758400.0,27433.5,27433.5,27433.5,27433.5,0,0,0
503,1597017600.0,27791.400390625,27791.400390625,27791.400390625,27791.400390625,0,0,0
504,1597104000.0,27686.900390625,27686.900390625,27686.900390625,27686.900390625,0,0,0
505,1597190400.0,27976.80078125,27976.80078125,27976.80078125,27976.80078125,0,0,0
506,1597276800.0,27896.69921875,27896.69921875,27896.69921875,27896.69921875,0,0,0
507,1597363200.0,27931.0,27931.0,27931.0,27931.0,0,0,0
508,1597622400.0,27844.900390625,27844.900390625,27844.900390625,27844.900390625,0,0,0
509,1597708800.0,27778.099609375,27778.099609375,27778.099609375,27778.099609375,0,0,0
510,1597795200.0,27692.900390625,27692.900390625,27692.900390625,27692.900390625,0,0,0
511,1597881600.0,27739.69921875,27739.69921875,27739.69921875,27739.69921875,0,0,0
512,1597968000.0,27930.30078125,27930.30078125,27930.30078125,27930.30078125,0,0,0
513,1598227200.0,28308.5,28308.5,28308.5,28308.5,0,0,0
514,1598313600.0,28248.400390625,28248.400390625,28248.400390625,28248.400390625,0,0,0
515,1598400000.0,28331.900390625,28331.900390625,28331.900390625,28331.900390625,0,0,0
516,1598486400.0,28492.30078125,28492.30078125,28492.30078125,28492.30078125,0,0,0
517,1598572800.0,28653.900390625,28653.900390625,28653.900390625,28653.900390625,0,0,0
518,1598832000.0,28430.0,28430.0,28430.0,28430.0,0,0,0
519,1598918400.0,28645.69921875,28645.69921875,28645.69921875,28645.69921875,0,0,0
520,1599004800.0,29100.5,29100.5,29100.5,29100.5,0,0,0
521,1599091200.0,28292.69921875,28292.69921875,28292.69921875,28292.69921875,0,0,0
522,1599177600.0,28133.30078125,28133.30078125,28133.30078125,28133.30078125,0,0,0
523,1599523200.0,27500.900390625,27500.900390625,27500.900390625,27500.900390625,0,0,0
524,1599609600.0,27940.5,27940.5,27940.5,27940.5,0,0,0
525,1599696000.0,27534.599609375,27534.599609375,27534.599609375,27534.599609375,0,0,0
526,1599782400.0,27665.599609375,27665.599609375,27665.599609375,27665.599609375,0,0,0
527,1600041600.0,27993.30078125,27993.30078125,27993.30078125,27993.30078125,0,0,0
528,1600128000.0,27995.599609375,27995.599609375,27995.599609375,27995.599609375,0,0,0
529,1600214400.0,28032.400390625,28032.400390625,28032.400390625,28032.400390625,0,0,0
530,1600300800.0,27902.0,27902.0,27902.0,27902.0,0,0,0
531,1600387200.0,27657.400390625,27657.400390625,27657.400390625,27657.400390625,0,0,0
532,1600646400.0,27147.69921875,27147.69921875,27147.69921875,27147.69921875,0,0,0
533,1600732800.0,27288.19921875,27288.19921875,27288.19921875,27288.19921875,0,0,0
534,1600819200.0,26763.099609375,26763.099609375,26763.099609375,26763.099609375,0,0,0
535,1600905600.0,26815.400390625,26815.400390625,26815.400390625,26815.400390625,0,0,0
536,1600992000.0,27174.0,27174.0,27174.0,27174.0,0,0,0
537,1601337600.0,27452.69921875,27452.69921875,27452.69921875,27452.69921875,0,0,0
538,1601424000.0,27781.69921875,27781.69921875,27781.69921875,27781.69921875,0,0,0
539,1601596800.0,27682.80078125,27682.80078125,27682.80078125,27682.80078125,0,0,0
540,1601856000.0,28148.599609375,28148.599609375,28148.599609375,28148.599609375,0,0,0
541,1601942400.0,27772.80078125,27772.80078125,27772.80078125,27772.80078125,0,0,0
542,1602028800.0,28303.5,28303.5,28303.5,28303.5,0,0,0
543,1602115200.0,28425.5,28425.5,28425.5,28425.5,0,0,0
544,1602201600.0,28586.900390625,28586.900390625,28586.900390625,28586.900390625,0,0,0
545,1602460800.0,28837.5,28837.5,28837.5,28837.5,0,0,0
546,1602547200.0,28679.80078125,28679.80078125,28679.80078125,28679.80078125,0,0,0
547,1602633600.0,28514.0,28514.0,28514.0,28514.0,0,0,0
548,1602720000.0,28494.19921875,28494.19921875,28494.19921875,28494.19921875,0,0,0
549,1602806400.0,28606.30078125,28606.30078125,28606.30078125,28606.30078125,0,0,0
550,1603065600.0,28195.400390625,28195.400390625,28195.400390625,28195.400390625,0,0,0
551,1603152000.0,28308.80078125,28308.80078125,28308.80078125,28308.80078125,0,0,0
552,1603238400.0,28210.80078125,28210.80078125,28210.80078125,28210.80078125,0,0,0
553,1603324800.0,28363.69921875,28363.69921875,28363.69921875,28363.69921875,0,0,0
554,1603411200.0,28335.599609375,28335.599609375,28335.599609375,28335.599609375,0,0,0
555,1603670400.0,27685.400390625,27685.400390625,27685.400390625,27685.400390625,0,0,0
556,1603756800.0,27463.19921875,27463.19921875,27463.19921875,27463.19921875,0,0,0
557,1603929600.0,26659.099609375,26659.099609375,26659.099609375,26659.099609375,0,0,0
558,1604016000.0,26501.599609375,26501.599609375,26501.599609375,26501.599609375,0,0,0
559,1604275200.0,26925.099609375,26925.099609375,26925.099609375,26925.099609375,0,0,0
560,1604361600.0,27480.0,27480.0,27480.0,27480.0,0,0,0
561,1604448000.0,27847.69921875,27847.69921875,27847.69921875,27847.69921875,0,0,0
562,1604534400.0,28390.19921875,28390.19921875,28390.19921875,28390.19921875,0,0,0
563,1604620800.0,28323.400390625,28323.400390625,28323.400390625,28323.400390625,0,0,0
564,1604880000.0,29158.0,29158.0,29158.0,29158.0,0,0,0
565,1604966400.0,29420.900390625,29420.900390625,29420.900390625,29420.900390625,0,0,0
566,1605052800.0,29397.599609375,29397.599609375,29397.599609375,29397.599609375,0,0,0
567,1605139200.0,29080.19921875,29080.19921875,29080.19921875,29080.19921875,0,0,0
568,1605225600.0,29479.80078125,29479.80078125,29479.80078125,29479.80078125,0,0,0
569,1605484800.0,29950.400390625,29950.400390625,29950.400390625,29950.400390625,0,0,0
570,1605571200.0,29783.400390625,29783.400390625,29783.400390625,29783.400390625,0,0,0
571,1605657600.0,29438.400390625,29438.400390625,29438.400390625,29438.400390625,0,0,0
572,1605830400.0,29263.5,29263.5,29263.5,29263.5,0,0,0
573,1606089600.0,29591.30078125,29591.30078125,29591.30078125,29591.30078125,0,0,0
574,1606176000.0,30046.19921875,30046.19921875,30046.19921875,30046.19921875,0,0,0
575,1606262400.0,29872.5,29872.5,29872.5,29872.5,0,0,0
576,1606435200.0,29910.400390625,29910.400390625,29910.400390625,29910.400390625,0,0,0
577,1606694400.0,29638.599609375,29638.599609375,29638.599609375,29638.599609375,0,0,0
578,1606867200.0,29883.80078125,29883.80078125,29883.80078125,29883.80078125,0,0,0
579,1606953600.0,29969.5,29969.5,29969.5,29969.5,0,0,0
580,1607040000.0,30218.30078125,30218.30078125,30218.30078125,30218.30078125,0,0,0
581,1607299200.0,30069.80078125,30069.80078125,30069.80078125,30069.80078125,0,0,0
582,1607472000.0,30068.80078125,30068.80078125,30068.80078125,30068.80078125,0,0,0
583,1607558400.0,29999.30078125,29999.30078125,29999.30078125,29999.30078125,0,0,0
584,1607644800.0,30046.400390625,30046.400390625,30046.400390625,30046.400390625,0,0,0
585,1607990400.0,30199.30078125,30199.30078125,30199.30078125,30199.30078125,0,0,0
586,1608076800.0,30154.5,30154.5,30154.5,30154.5,0,0,0
587,1608163200.0,30303.400390625,30303.400390625,30303.400390625,30303.400390625,0,0,0
588,1608249600.0,30179.0,30179.0,30179.0,30179.0,0,0,0
589,1608508800.0,30216.5,30216.5,30216.5,30216.5,0,0,0
590,1608595200.0,30015.5,30015.5,30015.5,30015.5,0,0,0
591,1608681600.0,30129.80078125,30129.80078125,30129.80078125,30129.80078125,0,0,0
592,1608768000.0,30199.900390625,30199.900390625,30199.900390625,30199.900390625,0,0,0
593,1609113600.0,30404.0,30404.0,30404.0,30404.0,0,0,0
594,1609200000.0,30335.69921875,30335.69921875,30335.69921875,30335.69921875,0,0,0
595,1609286400.0,30409.599609375,30409.599609375,30409.599609375,30409.599609375,0,0,0
596,1609372800.0,30606.5,30606.5,30606.5,30606.5,0,0,0
597,1609718400.0,30223.900390625,30223.900390625,30223.900390625,30223.900390625,0,0,0
598,1609804800.0,30391.599609375,30391.599609375,30391.599609375,30391.599609375,0,0,0
599,1609891200.0,30829.400390625,30829.400390625,30829.400390625,30829.400390625,0,0,0
600,1609977600.0,31041.099609375,31041.099609375,31041.099609375,31041.099609375,0,0,0
601,1610064000.0,31098.0,31098.0,31098.0,31098.0,0,0,0
602,1610323200.0,31008.69921875,31008.69921875,31008.69921875,31008.69921875,0,0,0
603,1610409600.0,31068.69921875,31068.69921875,31068.69921875,31068.69921875,0,0,0
604,1610496000.0,31060.5,31060.5,31060.5,31060.5,0,0,0
605,1610582400.0,30991.5,30991.5,30991.5,30991.5,0,0,0
606,1610668800.0,30814.30078125,30814.30078125,30814.30078125,30814.30078125,0,0,0
607,1611014400.0,30930.5,30930.5,30930.5,30930.5,0,0,0
608,1611100800.0,31188.400390625,31188.400390625,31188.400390625,31188.400390625,0,0,0
609,1611187200.0,31176.0,31176.0,31176.0,31176.0,0,0,0
610,1611273600.0,30997.0,30997.0,30997.0,30997.0,0,0,0
611,1611532800.0,30960.0,30960.0,30960.0,30960.0,0,0,0
612,1611619200.0,30937.0,30937.0,30937.0,30937.0,0,0,0
613,1611705600.0,30303.19921875,30303.19921875,30303.19921875,30303.19921875,0,0,0
614,1611792000.0,30603.400390625,30603.400390625,30603.400390625,30603.400390625,0,0,0
615,1611878400.0,29982.599609375,29982.599609375,29982.599609375,29982.599609375,0,0,0
616,1612137600.0,30211.900390625,30211.900390625,30211.900390625,30211.900390625,0,0,0
617,1612224000.0,30687.5,30687.5,30687.5,30687.5,0,0,0
618,1612310400.0,30723.599609375,30723.599609375,30723.599609375,30723.599609375,0,0,0
619,1612396800.0,31055.900390625,31055.900390625,31055.900390625,31055.900390625,0,0,0
620,1612483200.0,31148.19921875,31148.19921875,31148.19921875,31148.19921875,0,0,0
621,1612742400.0,31385.80078125,31385.80078125,31385.80078125,31385.80078125,0,0,0
622,1612828800.0,31375.80078125,31375.80078125,31375.80078125,31375.80078125,0,0,0
623,1612915200.0,31437.80078125,31437.80078125,31437.80078125,31437.80078125,0,0,0
624,1613001600.0,31430.69921875,31430.69921875,31430.69921875,31430.69921875,0,0,0
625,1613088000.0,31458.400390625,31458.400390625,31458.400390625,31458.400390625,0,0,0
626,1613433600.0,31522.69921875,31522.69921875,31522.69921875,31522.69921875,0,0,0
627,1613520000.0,31613.0,31613.0,31613.0,31613.0,0,0,0
628,1613606400.0,31493.30078125,31493.30078125,31493.30078125,31493.30078125,0,0,0
629,1613692800.0,31494.30078125,31494.30078125,31494.30078125,31494.30078125,0,0,0
630,1613952000.0,31521.69921875,31521.69921875,31521.69921875,31521.69921875,0,0,0
631,1614038400.0,31537.400390625,31537.400390625,31537.400390625,31537.400390625,0,0,0
632,1614124800.0,31961.900390625,31961.900390625,31961.900390625,31961.900390625,0,0,0
633,1614211200.0,31402.0,31402.0,31402.0,31402.0,0,0,0
634,1614297600.0,30932.400390625,30932.400390625,30932.400390625,30932.400390625,0,0,0
635,1614556800.0,31535.5,31535.5,31535.5,31535.5,0,0,0
636,1614643200.0,31391.5,31391.5,31391.5,31391.5,0,0,0
637,1614729600.0,31270.099609375,31270.099609375,31270.099609375,31270.099609375,0,0,0
638,1614816000.0,30924.099609375,30924.099609375,30924.099609375,30924.099609375,0,0,0
639,1614902400.0,31496.30078125,31496.30078125,31496.30078125,31496.30078125,0,0,0
640,1615161600.0,31802.400390625,31802.400390625,31802.400390625,31802.400390625,0,0,0
641,1615248000.0,31832.69921875,31832.69921875,31832.69921875,31832.69921875,0,0,0
642,1615334400.0,32297.0,32297.0,32297.0,32297.0,0,0,0
643,1615420800.0,32485.599609375,32485.599609375,32485.599609375,32485.599609375,0,0,0
644,1615507200.0,32778.6015625,32778.6015625,32778.6015625,32778.6015625,0,0,0
645,1615766400.0,32953.5,32953.5,32953.5,32953.5,0,0,0
646,1615852800.0,32825.8984375,32825.8984375,32825.8984375,32825.8984375,0,0,0
647,1615939200.0,33015.3984375,33015.3984375,33015.3984375,33015.3984375,0,0,0
648,1616025600.0,32862.30078125,32862.30078125,32862.30078125,32862.30078125,0,0,0
649,1616112000.0,32628.0,32628.0,32628.0,32628.0,0,0,0
650,1616371200.0,32731.19921875,32731.19921875,32731.19921875,32731.19921875,0,0,0
651,1616457600.0,32423.19921875,32423.19921875,32423.19921875,32423.19921875,0,0,0
652,1616544000.0,32420.099609375,32420.099609375,32420.099609375,32420.099609375,0,0,0
653,1616630400.0,32619.5,32619.5,32619.5,32619.5,0,0,0
654,1616716800.0,33072.8984375,33072.8984375,33072.8984375,33072.8984375,0,0,0
655,1616976000.0,33171.3984375,33171.3984375,33171.3984375,33171.3984375,0,0,0
656,1617062400.0,33067.0,33067.0,33067.0,33067.0,0,0,0
657,1617148800.0,32981.6015625,32981.6015625,32981.6015625,32981.6015625,0,0,0
658,1617580800.0,33527.19921875,33527.19921875,33527.19921875,33527.19921875,0,0,0
659,1617667200.0,33430.19921875,33430.19921875,33430.19921875,33430.19921875,0,0,0
660,1617753600.0,33446.30078125,33446.30078125,33446.30078125,33446.30078125,0,0,0
661,1617840000.0,33503.6015625,33503.6015625,33503.6015625,33503.6015625,0,0,0
662,1617926400.0,33800.6015625,33800.6015625,33800.6015625,33800.6015625,0,0,0
663,1618185600.0,33745.3984375,33745.3984375,33745.3984375,33745.3984375,0,0,0
664,1618272000.0,33677.30078125,33677.30078125,33677.30078125,33677.30078125,0,0,0
665,1618358400.0,33730.8984375,33730.8984375,33730.8984375,33730.8984375,0,0,0
666,1618444800.0,34036.0,34036.0,34036.0,34036.0,0,0,0
667,1618531200.0,34200.69921875,34200.69921875,34200.69921875,34200.69921875,0,0,0
668,1618790400.0,34077.6015625,34077.6015625,34077.6015625,34077.6015625,0,0,0
669,1618876800.0,33821.30078125,33821.30078125,33821.30078125,33821.30078125,0,0,0
670,1618963200.0,34137.30078125,34137.30078125,34137.30078125,34137.30078125,0,0,0
671,1619049600.0,33815.8984375,33815.8984375,33815.8984375,33815.8984375,0,0,0
672,1619136000.0,34043.5,34043.5,34043.5,34043.5,0,0,0
673,1619395200.0,33981.6015625,33981.6015625,33981.6015625,33981.6015625,0,0,0
674,1619481600.0,33984.8984375,33984.8984375,33984.8984375,33984.8984375,0,0,0
675,1619568000.0,33820.3984375,33820.3984375,33820.3984375,33820.3984375,0,0,0
676,1619654400.0,34060.3984375,34060.3984375,34060.3984375,34060.3984375,0,0,0
677,1619740800.0,33874.8984375,33874.8984375,33874.8984375,33874.8984375,0,0,0
678,1620000000.0,34113.19921875,34113.19921875,34113.19921875,34113.19921875,0,0,0
679,1620086400.0,34133.0,34133.0,34133.0,34133.0,0,0,0
680,1620172800.0,34230.30078125,34230.30078125,34230.30078125,34230.30078125,0,0,0
681,1620259200.0,34548.5,34548.5,34548.5,34548.5,0,0,0
682,1620345600.0,34777.80078125,34777.80078125,34777.80078125,34777.80078125,0,0,0
683,1620604800.0,34742.80078125,34742.80078125,34742.80078125,34742.80078125,0,0,0
684,1620691200.0,34269.19921875,34269.19921875,34269.19921875,34269.19921875,0,0,0
685,1620777600.0,33587.69921875,33587.69921875,33587.69921875,33587.69921875,0,0,0
686,1620864000.0,34021.3984375,34021.3984375,34021.3984375,34021.3984375,0,0,0
687,1620950400.0,34382.1015625,34382.1015625,34382.1015625,34382.1015625,0,0,0
688,1621209600.0,34327.80078125,34327.80078125,34327.80078125,34327.80078125,0,0,0
689,1621296000.0,34060.69921875,34060.69921875,34060.69921875,34060.69921875,0,0,0
690,1621382400.0,33896.0,33896.0,33896.0,33896.0,0,0,0
691,1621468800.0,34084.1015625,34084.1015625,34084.1015625,34084.1015625,0,0,0
692,1621555200.0,34207.80078125,34207.80078125,34207.80078125,34207.80078125,0,0,0
693,1621814400.0,34394.0,34394.0,34394.0,34394.0,0,0,0
694,1621900800.0,34312.5,34312.5,34312.5,34312.5,0,0,0
695,1621987200.0,34323.1015625,34323.1015625,34323.1015625,34323.1015625,0,0,0
696,1622073600.0,34464.6015625,34464.6015625,34464.6015625,34464.6015625,0,0,0
697,1622160000.0,34529.3984375,34529.3984375,34529.3984375,34529.3984375,0,0,0
698,1622505600.0,34575.30078125,34575.30078125,34575.30078125,34575.30078125,0,0,0
699,1622592000.0,34600.3984375,34600.3984375,34600.3984375,34600.3984375,0,0,0
700,1622678400.0,34577.0,34577.0,34577.0,34577.0,0,0,0
701,1622764800.0,34756.3984375,34756.3984375,34756.3984375,34756.3984375,0,0,0
702,1623024000.0,34630.19921875,34630.19921875,34630.19921875,34630.19921875,0,0,0
703,1623110400.0,34599.80078125,34599.80078125,34599.80078125,34599.80078125,0,0,0
704,1623196800.0,34447.1015625,34447.1015625,34447.1015625,34447.1015625,0,0,0
705,1623283200.0,34466.19921875,34466.19921875,34466.19921875,34466.19921875,0,0,0
706,1623369600.0,34479.6015625,34479.6015625,34479.6015625,34479.6015625,0,0,0
707,1623628800.0,34393.69921875,34393.69921875,34393.69921875,34393.69921875,0,0,0
708,1623715200.0,34299.30078125,34299.30078125,34299.30078125,34299.30078125,0,0,0
709,1623801600.0,34033.69921875,34033.69921875,34033.69921875,34033.69921875,0,0,0
710,1623888000.0,33823.3984375,33823.3984375,33823.3984375,33823.3984375,0,0,0
711,1623974400.0,33290.1015625,33290.1015625,33290.1015625,33290.1015625,0,0,0
712,1624233600.0,33877.0,33877.0,33877.0,33877.0,0,0,0
713,1624924800.0,34292.30078125,34292.30078125,34292.30078125,34292.30078125,0,0,0
714,1625011200.0,34502.5,34502.5,34502.5,34502.5,0,0,0
715,1625097600.0,34633.5,34633.5,34633.5,34633.5,0,0,0
716,1625184000.0,34786.30078125,34786.30078125,34786.30078125,34786.30078125,0,0,0
717,1625529600.0,34577.3984375,34577.3984375,34577.3984375,34577.3984375,0,0,0
718,1625616000.0,34681.80078125,34681.80078125,34681.80078125,34681.80078125,0,0,0
719,1625702400.0,34421.8984375,34421.8984375,34421.8984375,34421.8984375,0,0,0
720,1625788800.0,34870.19921875,34870.19921875,34870.19921875,34870.19921875,0,0,0
721,1626048000.0,34996.19921875,34996.19921875,34996.19921875,34996.19921875,0,0,0
722,1626134400.0,34888.80078125,34888.80078125,34888.80078125,34888.80078125,0,0,0
723,1626220800.0,34933.19921875,34933.19921875,34933.19921875,34933.19921875,0,0,0
724,1626307200.0,34987.0,34987.0,34987.0,34987.0,0,0,0
725,1626393600.0,34687.8984375,34687.8984375,34687.8984375,34687.8984375,0,0,0
726,1626652800.0,33962.0,33962.0,33962.0,33962.0,0,0,0
727,1626739200.0,34512.0,34512.0,34512.0,34512.0,0,0,0
728,1626825600.0,34798.0,34798.0,34798.0,34798.0,0,0,0
729,1626912000.0,34823.30078125,34823.30078125,34823.30078125,34823.30078125,0,0,0
730,1626998400.0,35061.6015625,35061.6015625,35061.6015625,35061.6015625,0,0,0
731,1627257600.0,35144.30078125,35144.30078125,35144.30078125,35144.30078125,0,0,0
732,1627344000.0,35058.5,35058.5,35058.5,35058.5,0,0,0
733,1627430400.0,34930.8984375,34930.8984375,34930.8984375,34930.8984375,0,0,0
734,1627516800.0,35084.5,35084.5,35084.5,35084.5,0,0,0
735,1627603200.0,34935.5,34935.5,34935.5,34935.5,0,0,0
736,1627862400.0,34838.19921875,34838.19921875,34838.19921875,34838.19921875,0,0,0
737,1628035200.0,34792.69921875,34792.69921875,34792.69921875,34792.69921875,0,0,0
738,1628121600.0,35064.30078125,35064.30078125,35064.30078125,35064.30078125,0,0,0
739,1628208000.0,35208.5,35208.5,35208.5,35208.5,0,0,0
740,1628467200.0,35101.80078125,35101.80078125,35101.80078125,35101.80078125,0,0,0
741,1628553600.0,35264.69921875,35264.69921875,35264.69921875,35264.69921875,0,0,0
742,1628640000.0,35485.0,35485.0,35485.0,35485.0,0,0,0
743,1628726400.0,35499.80078125,35499.80078125,35499.80078125,35499.80078125,0,0,0
744,1629072000.0,35625.3984375,35625.3984375,35625.3984375,35625.3984375,0,0,0
745,1629158400.0,35343.30078125,35343.30078125,35343.30078125,35343.30078125,0,0,0
746,1629244800.0,34960.69921875,34960.69921875,34960.69921875,34960.69921875,0,0,0
747,1629331200.0,34894.1015625,34894.1015625,34894.1015625,34894.1015625,0,0,0
748,1629417600.0,35120.1015625,35120.1015625,35120.1015625,35120.1015625,0,0,0
749,1629676800.0,35335.69921875,35335.69921875,35335.69921875,35335.69921875,0,0,0
750,1629763200.0,35366.30078125,35366.30078125,35366.30078125,35366.30078125,0,0,0
751,1629849600.0,35405.5,35405.5,35405.5,35405.5,0,0,0
752,1629936000.0,35213.1015625,35213.1015625,35213.1015625,35213.1015625,0,0,0
753,1630022400.0,35455.80078125,35455.80078125,35455.80078125,35455.80078125,0,0,0
754,1630281600.0,35399.80078125,35399.80078125,35399.80078125,35399.80078125,0,0,0
755,1630368000.0,35360.69921875,35360.69921875,35360.69921875,35360.69921875,0,0,0
756,1630454400.0,35312.5,35312.5,35312.5,35312.5,0,0,0
757,1630540800.0,35443.80078125,35443.80078125,35443.80078125,35443.80078125,0,0,0
758,1630627200.0,35369.1015625,35369.1015625,35369.1015625,35369.1015625,0,0,0
759,1630972800.0,35100.0,35100.0,35100.0,35100.0,0,0,0
760,1631145600.0,34879.3984375,34879.3984375,34879.3984375,34879.3984375,0,0,0
761,1631232000.0,34607.69921875,34607.69921875,34607.69921875,34607.69921875,0,0,0
762,1631491200.0,34869.6015625,34869.6015625,34869.6015625,34869.6015625,0,0,0
763,1631577600.0,34577.6015625,34577.6015625,34577.6015625,34577.6015625,0,0,0
764,1631664000.0,34814.3984375,34814.3984375,34814.3984375,34814.3984375,0,0,0
765,1631750400.0,34751.30078125,34751.30078125,34751.30078125,34751.30078125,0,0,0
766,1631836800.0,34584.8984375,34584.8984375,34584.8984375,34584.8984375,0,0,0
767,1632096000.0,33970.5,33970.5,33970.5,33970.5,0,0,0
768,1632182400.0,33919.80078125,33919.80078125,33919.80078125,33919.80078125,0,0,0
769,1632268800.0,34258.30078125,34258.30078125,34258.30078125,34258.30078125,0,0,0
770,1632355200.0,34764.80078125,34764.80078125,34764.80078125,34764.80078125,0,0,0
771,1632441600.0,34798.0,34798.0,34798.0,34798.0,0,0,0
772,1632700800.0,34869.3984375,34869.3984375,34869.3984375,34869.3984375,0,0,0
773,1632787200.0,34300.0,34300.0,34300.0,34300.0,0,0,0
774,1632873600.0,34390.69921875,34390.69921875,34390.69921875,34390.69921875,0,0,0
775,1632960000.0,33843.8984375,33843.8984375,33843.8984375,33843.8984375,0,0,0
776,1633046400.0,34326.5,34326.5,34326.5,34326.5,0,0,0
777,1633305600.0,34002.8984375,34002.8984375,34002.8984375,34002.8984375,0,0,0
778,1633392000.0,34314.69921875,34314.69921875,34314.69921875,34314.69921875,0,0,0
779,1633478400.0,34417.0,34417.0,34417.0,34417.0,0,0,0
780,1633564800.0,34754.8984375,34754.8984375,34754.8984375,34754.8984375,0,0,0
781,1633651200.0,34746.19921875,34746.19921875,34746.19921875,34746.19921875,0,0,0
782,1633910400.0,34496.1015625,34496.1015625,34496.1015625,34496.1015625,0,0,0
783,1633996800.0,34378.30078125,34378.30078125,34378.30078125,34378.30078125,0,0,0
784,1634083200.0,34377.80078125,34377.80078125,34377.80078125,34377.80078125,0,0,0
785,1634169600.0,34912.6015625,34912.6015625,34912.6015625,34912.6015625,0,0,0
786,1634256000.0,35294.80078125,35294.80078125,35294.80078125,35294.80078125,0,0,0
787,1634515200.0,35258.6015625,35258.6015625,35258.6015625,35258.6015625,0,0,0
788,1634601600.0,35457.30078125,35457.30078125,35457.30078125,35457.30078125,0,0,0
789,1634688000.0,35609.30078125,35609.30078125,35609.30078125,35609.30078125,0,0,0
790,1634774400.0,35603.1015625,35603.1015625,35603.1015625,35603.1015625,0,0,0
791,1634860800.0,35677.0,35677.0,35677.0,35677.0,0,0,0
792,1635120000.0,35741.1015625,35741.1015625,35741.1015625,35741.1015625,0,0,0
793,1635206400.0,35756.8984375,35756.8984375,35756.8984375,35756.8984375,0,0,0
794,1635292800.0,35490.69921875,35490.69921875,35490.69921875,35490.69921875,0,0,0
795,1635379200.0,35730.5,35730.5,35730.5,35730.5,0,0,0
796,1635465600.0,35819.6015625,35819.6015625,35819.6015625,35819.6015625,0,0,0
797,1635811200.0,36052.6015625,36052.6015625,36052.6015625,36052.6015625,0,0,0
798,1635897600.0,36157.6015625,36157.6015625,36157.6015625,36157.6015625,0,0,0
799,1635984000.0,36124.19921875,36124.19921875,36124.19921875,36124.19921875,0,0,0
800,1636070400.0,36327.8984375,36327.8984375,36327.8984375,36327.8984375,0,0,0
801,1636329600.0,36432.19921875,36432.19921875,36432.19921875,36432.19921875,0,0,0
802,1636416000.0,36320.0,36320.0,36320.0,36320.0,0,0,0
803,1636502400.0,36079.8984375,36079.8984375,36079.8984375,36079.8984375,0,0,0
804,1636588800.0,35921.19921875,35921.19921875,35921.19921875,35921.19921875,0,0,0
805,1636675200.0,36100.30078125,36100.30078125,36100.30078125,36100.30078125,0,0,0
806,1636934400.0,36087.5,36087.5,36087.5,36087.5,0,0,0
807,1637020800.0,36142.19921875,36142.19921875,36142.19921875,36142.19921875,0,0,0
808,1637107200.0,35931.1015625,35931.1015625,35931.1015625,35931.1015625,0,0,0
809,1637193600.0,35870.8984375,35870.8984375,35870.8984375,35870.8984375,0,0,0
810,1637280000.0,35602.0,35602.0,35602.0,35602.0,0,0,0
811,1637539200.0,35619.19921875,35619.19921875,35619.19921875,35619.19921875,0,0,0
812,1637625600.0,35813.80078125,35813.80078125,35813.80078125,35813.80078125,0,0,0
813,1637712000.0,35804.3984375,35804.3984375,35804.3984375,35804.3984375,0,0,0
814,1637884800.0,34899.30078125,34899.30078125,34899.30078125,34899.30078125,0,0,0
815,1638144000.0,35135.8984375,35135.8984375,35135.8984375,35135.8984375,0,0,0
816,1638230400.0,34483.69921875,34483.69921875,34483.69921875,34483.69921875,0,0,0
817,1638316800.0,34022.0,34022.0,34022.0,34022.0,0,0,0
818,1638403200.0,34639.80078125,34639.80078125,34639.80078125,34639.80078125,0,0,0
819,1638489600.0,34580.1015625,34580.1015625,34580.1015625,34580.1015625,0,0,0
820,1638748800.0,35227.0,35227.0,35227.0,35227.0,0,0,0
821,1638921600.0,35754.80078125,35754.80078125,35754.80078125,35754.80078125,0,0,0
822,1639094400.0,35971.0,35971.0,35971.0,35971.0,0,0,0
823,1639353600.0,35650.8984375,35650.8984375,35650.8984375,35650.8984375,0,0,0
824,1639440000.0,35544.19921875,35544.19921875,35544.19921875,35544.19921875,0,0,0
825,1639526400.0,35927.3984375,35927.3984375,35927.3984375,35927.3984375,0,0,0
826,1639612800.0,35897.6015625,35897.6015625,35897.6015625,35897.6015625,0,0,0
827,1639699200.0,35365.3984375,35365.3984375,35365.3984375,35365.3984375,0,0,0
828,1639958400.0,34932.19921875,34932.19921875,34932.19921875,34932.19921875,0,0,0
829,1640044800.0,35492.69921875,35492.69921875,35492.69921875,35492.69921875,0,0,0
830,1640131200.0,35753.8984375,35753.8984375,35753.8984375,35753.8984375,0,0,0
831,1640563200.0,36302.3984375,36302.3984375,36302.3984375,36302.3984375,0,0,0
832,1640649600.0,36398.19921875,36398.19921875,36398.19921875,36398.19921875,0,0,0
833,1640736000.0,36488.6015625,36488.6015625,36488.6015625,36488.6015625,0,0,0
834,1640822400.0,36398.1015625,36398.1015625,36398.1015625,36398.1015625,0,0,0
835,1640908800.0,36338.30078125,36338.30078125,36338.30078125,36338.30078125,0,0,0
